Feature,Mean_Absolute_SHAP
density,0.672872242
N2_SA,0.273095726
F,0.269134939
Probe_Accessible,0.216982608
LCD,0.073689315
c,0.073317223
System_Size,0.06865917
a,0.064727611
b,0.061567597
S,0.059993015
Rosenbluth_Weight,0.029936143
Probe_Occupiable,0.025020312
PLD,0.022227722
C,0.020982953
N,0.019470104
O,0.018218916
H,0.015713776