Feature,Mean_Absolute_SHAP
density,1.13634215
Probe_Accessible,0.218005803
Rosenbluth_Weight,0.182637172
F,0.164761858
a,0.113697756
LCD,0.105892771
PLD,0.090893133
b,0.085095591
N,0.081948639
C,0.065313824
Probe_Occupiable,0.064559861
c,0.060684272
N2_SA,0.052242935
System_Size,0.027631814
S,0.014685564
O,0.010541691
H,0.005916592