Feature,Mean_Absolute_SHAP
density,1.697344983
Rosenbluth_Weight,0.557418793
S,0.513497107
O,0.432466764
C,0.396739297
Probe_Accessible,0.313702332
N,0.279349942
F,0.195199884
a,0.144201227
N2_SA,0.088014117
H,0.054171035
LCD,0.039757907
b,2.90E-17
c,1.03E-17
System_Size,0
PLD,0
Probe_Occupiable,0