Feature,Mean_Absolute_SHAP
density,1.150921184
Probe_Accessible,0.188042288
F,0.10931413
a,0.092080677
c,0.07277635
LCD,0.066410189
b,0.061523514
N2_SA,0.035202855
PLD,0.026696509
System_Size,0.024092652
Rosenbluth_Weight,0.021120203
O,0.014473351
Probe_Occupiable,0.012961796
C,0.011452445
N,0.006579713
S,0.002100289
H,0.001411632